Driver,Position,Count
ALB,1,4
ALB,2,10
ALB,3,47
ALB,4,108
ALB,5,167
ALB,6,234
ALB,7,368
ALB,8,555
ALB,9,777
ALB,10,1041
ALB,11,1438
ALB,12,2000
ALB,13,2549
ALB,14,3261
ALB,15,3810
ALB,16,4496
ALB,17,4948
ALB,18,4914
ALB,19,4892
ALB,20,4645
ALB,21,4720
ALB,22,5016
ALO,3,11
ALO,4,19
ALO,5,30
ALO,6,86
ALO,7,117
ALO,8,238
ALO,9,401
ALO,10,617
ALO,11,921
ALO,12,1478
ALO,13,2072
ALO,14,2975
ALO,15,4117
ALO,16,5074
ALO,17,5567
ALO,18,5719
ALO,19,5392
ALO,20,5027
ALO,21,4805
ALO,22,5334
ANT,1,1432
ANT,2,2665
ANT,3,3586
ANT,4,4127
ANT,5,4237
ANT,6,4204
ANT,7,4144
ANT,8,3870
ANT,9,3615
ANT,10,3425
ANT,11,3180
ANT,12,3015
ANT,13,2489
ANT,14,1947
ANT,15,1492
ANT,16,1111
ANT,17,687
ANT,18,392
ANT,19,190
ANT,20,80
ANT,21,49
ANT,22,63
BEA,1,35
BEA,2,118
BEA,3,235
BEA,4,382
BEA,5,517
BEA,6,666
BEA,7,834
BEA,8,1072
BEA,9,1309
BEA,10,1693
BEA,11,2078
BEA,12,2462
BEA,13,3127
BEA,14,3731
BEA,15,4224
BEA,16,4706
BEA,17,4572
BEA,18,4157
BEA,19,3407
BEA,20,3047
BEA,21,2762
BEA,22,4866
BOR,1,195
BOR,2,756
BOR,3,1729
BOR,4,2839
BOR,5,3993
BOR,6,4804
BOR,7,5512
BOR,8,5773
BOR,9,5619
BOR,10,5150
BOR,11,4362
BOR,12,3432
BOR,13,2416
BOR,14,1601
BOR,15,964
BOR,16,509
BOR,17,218
BOR,18,98
BOR,19,24
BOR,20,4
BOR,21,1
BOR,22,1
BOT,3,1
BOT,4,3
BOT,5,8
BOT,6,22
BOT,7,68
BOT,8,108
BOT,9,229
BOT,10,493
BOT,11,887
BOT,12,1390
BOT,13,2123
BOT,14,2790
BOT,15,3601
BOT,16,4219
BOT,17,4807
BOT,18,5336
BOT,19,5804
BOT,20,6032
BOT,21,6433
BOT,22,5646
COL,1,231
COL,2,737
COL,3,1536
COL,4,2223
COL,5,2957
COL,6,3489
COL,7,3718
COL,8,4104
COL,9,3939
COL,10,3867
COL,11,3535
COL,12,3046
COL,13,2374
COL,14,1815
COL,15,1378
COL,16,1148
COL,17,1260
COL,18,1432
COL,19,1717
COL,20,1915
COL,21,1924
COL,22,1655
GAS,1,520
GAS,2,1296
GAS,3,2121
GAS,4,2688
GAS,5,3132
GAS,6,3403
GAS,7,3511
GAS,8,3474
GAS,9,3461
GAS,10,3220
GAS,11,3084
GAS,12,2707
GAS,13,2322
GAS,14,1898
GAS,15,1477
GAS,16,1322
GAS,17,1481
GAS,18,1526
GAS,19,1813
GAS,20,1849
GAS,21,1930
GAS,22,1765
HAD,1,2439
HAD,2,3324
HAD,3,3484
HAD,4,3655
HAD,5,3487
HAD,6,3410
HAD,7,3265
HAD,8,3007
HAD,9,3024
HAD,10,2947
HAD,11,2832
HAD,12,2747
HAD,13,2630
HAD,14,2448
HAD,15,2212
HAD,16,1709
HAD,17,1172
HAD,18,847
HAD,19,419
HAD,20,232
HAD,21,196
HAD,22,514
HAM,1,5934
HAM,2,7197
HAM,3,6327
HAM,4,4954
HAM,5,3822
HAM,6,2848
HAM,7,2172
HAM,8,1761
HAM,9,1331
HAM,10,1068
HAM,11,846
HAM,12,590
HAM,13,458
HAM,14,387
HAM,15,389
HAM,16,575
HAM,17,943
HAM,18,1275
HAM,19,1663
HAM,20,1843
HAM,21,1901
HAM,22,1716
HUL,1,580
HUL,2,1347
HUL,3,2230
HUL,4,2861
HUL,5,3285
HUL,6,3647
HUL,7,3865
HUL,8,3954
HUL,9,4053
HUL,10,3983
HUL,11,3845
HUL,12,3745
HUL,13,3390
HUL,14,2857
HUL,15,2336
HUL,16,1647
HUL,17,1126
HUL,18,642
HUL,19,279
HUL,20,137
HUL,21,69
HUL,22,122
LAW,1,534
LAW,2,1396
LAW,3,2442
LAW,4,3513
LAW,5,4103
LAW,6,4606
LAW,7,4696
LAW,8,4719
LAW,9,4602
LAW,10,4256
LAW,11,3851
LAW,12,3326
LAW,13,2768
LAW,14,2034
LAW,15,1419
LAW,16,849
LAW,17,483
LAW,18,241
LAW,19,104
LAW,20,38
LAW,21,11
LAW,22,9
LEC,1,8395
LEC,2,6748
LEC,3,5366
LEC,4,3978
LEC,5,3184
LEC,6,2441
LEC,7,1986
LEC,8,1604
LEC,9,1381
LEC,10,1142
LEC,11,918
LEC,12,777
LEC,13,676
LEC,14,574
LEC,15,597
LEC,16,712
LEC,17,982
LEC,18,1423
LEC,19,1753
LEC,20,1871
LEC,21,1849
LEC,22,1643
LIN,1,364
LIN,2,1152
LIN,3,2051
LIN,4,2971
LIN,5,3751
LIN,6,4201
LIN,7,4367
LIN,8,4620
LIN,9,4680
LIN,10,4538
LIN,11,4199
LIN,12,3664
LIN,13,3113
LIN,14,2371
LIN,15,1707
LIN,16,1074
LIN,17,658
LIN,18,306
LIN,19,142
LIN,20,39
LIN,21,16
LIN,22,16
NOR,1,5281
NOR,2,4610
NOR,3,3922
NOR,4,3377
NOR,5,2905
NOR,6,2564
NOR,7,2188
NOR,8,2065
NOR,9,1851
NOR,10,1718
NOR,11,1556
NOR,12,1545
NOR,13,1383
NOR,14,1322
NOR,15,1270
NOR,16,1319
NOR,17,1536
NOR,18,1768
NOR,19,1860
NOR,20,2045
NOR,21,1943
NOR,22,1972
OCO,1,7
OCO,2,53
OCO,3,163
OCO,4,400
OCO,5,659
OCO,6,1101
OCO,7,1701
OCO,8,2294
OCO,9,3083
OCO,10,3729
OCO,11,4489
OCO,12,4806
OCO,13,4816
OCO,14,4418
OCO,15,3624
OCO,16,2871
OCO,17,2250
OCO,18,1967
OCO,19,1911
OCO,20,2035
OCO,21,1936
OCO,22,1687
PER,4,6
PER,5,9
PER,6,34
PER,7,96
PER,8,173
PER,9,366
PER,10,726
PER,11,1182
PER,12,1962
PER,13,2932
PER,14,4298
PER,15,5180
PER,16,5709
PER,17,5500
PER,18,5059
PER,19,4674
PER,20,4232
PER,21,4140
PER,22,3722
PIA,1,7434
PIA,2,6230
PIA,3,4847
PIA,4,4124
PIA,5,3117
PIA,6,2472
PIA,7,2128
PIA,8,1711
PIA,9,1542
PIA,10,1349
PIA,11,1133
PIA,12,916
PIA,13,834
PIA,14,742
PIA,15,769
PIA,16,824
PIA,17,1105
PIA,18,1428
PIA,19,1759
PIA,20,1813
PIA,21,2015
PIA,22,1708
RUS,1,7722
RUS,2,6799
RUS,3,5717
RUS,4,4622
RUS,5,3873
RUS,6,3254
RUS,7,2845
RUS,8,2418
RUS,9,2107
RUS,10,1914
RUS,11,1742
RUS,12,1597
RUS,13,1320
RUS,14,1193
RUS,15,928
RUS,16,709
RUS,17,469
RUS,18,296
RUS,19,163
RUS,20,91
RUS,21,67
RUS,22,154
SAI,1,4
SAI,2,14
SAI,3,24
SAI,4,86
SAI,5,169
SAI,6,231
SAI,7,440
SAI,8,671
SAI,9,1000
SAI,10,1373
SAI,11,2039
SAI,12,2704
SAI,13,3854
SAI,14,4783
SAI,15,5607
SAI,16,5795
SAI,17,5210
SAI,18,4422
SAI,19,3403
SAI,20,2907
SAI,21,2564
SAI,22,2700
STR,2,2
STR,4,3
STR,5,18
STR,6,33
STR,7,73
STR,8,126
STR,9,228
STR,10,440
STR,11,651
STR,12,912
STR,13,1271
STR,14,1555
STR,15,1875
STR,16,2515
STR,17,3677
STR,18,5184
STR,19,6830
STR,20,8180
STR,21,8719
STR,22,7708
VER,1,8889
VER,2,5546
VER,3,4161
VER,4,3061
VER,5,2577
VER,6,2250
VER,7,1906
VER,8,1683
VER,9,1402
VER,10,1311
VER,11,1232
VER,12,1179
VER,13,1083
VER,14,1000
VER,15,1024
VER,16,1107
VER,17,1349
VER,18,1568
VER,19,1801
VER,20,1938
VER,21,1950
VER,22,1983
