Driver,AvgFinish,WinProb%,PodiumProb%,PointsProb%,BestFinish,WorstFinish
NOR,5.53046,20.314,46.046,83.61,1,22
ANT,6.2956,8.634,31.291999999999998,82.612,1,22
HAM,7.35834,16.428,43.356,74.81400000000001,1,22
LAW,7.54096,2.494,16.09,76.908,1,22
BOR,7.73478,0.894,9.562,78.876,1,21
LIN,7.96644,1.974,13.354,73.452,1,22
PIA,8.78648,13.406,32.812000000000005,64.738,1,22
LEC,8.8875,11.822000000000001,31.09,64.574,1,22
RUS,9.04972,12.254,31.141999999999996,62.87199999999999,1,22
GAS,9.3245,0.856,7.156,61.202,1,22
HUL,9.67942,1.6320000000000001,9.9,56.896,1,22
TSU,10.00612,0.006,0.6799999999999999,56.782,1,20
COL,10.1537,0.266,3.372,53.254000000000005,1,22
VER,10.84918,8.870000000000001,22.366,50.498,1,22
OCO,14.74696,0.0,0.128,14.091999999999999,2,22
BEA,15.9545,0.11199999999999999,1.1119999999999999,13.804,1,22
ALB,16.03254,0.026,0.356,10.188,1,22
SAI,16.15756,0.008,0.12,7.82,1,22
BOT,16.90348,0.0,0.006,4.112,3,22
ALO,16.9948,0.004,0.042,3.914,1,22
PER,18.00346,0.0,0.013999999999999999,3.1559999999999997,2,22
STR,19.0435,0.0,0.004,1.8259999999999998,3,22
